Genre,WER
Christian & Gospel ,0.22
Country ,0.08
Electronic,0.13
Hip Hop,0.3766666666666667
Pop,0.27714285714285714
R&B,0.225
